Bluxus,Bluxus
ChillySamuel,JamesMelville
greenkey,LinkMeSRL
greenkey,Mikamai
greenkey,PythonMilano
Mike_H_Art,Michael
8ottomless,spacetwinks
barlow_ne,guido
Johnny199904,ipfconline1
Johnny199904,perceptionweb
ItsTheMind,NetflixLoversIT
AeroPython,anacondainc
AeroPython,nvidia
AeroPython,seibert
ambientowy,montypython
ahmedjr_16,ahmedjr
Calcaware,anacondainc
Calcaware,nvidia
Calcaware,seibert
scientific_me,eLearning
097s,python
alice_data,ledell
alice_data,h2oai
murnane,DZone
ToniCooper29,JamesMelville
xplorico,cloudpreacher
justyna_pakula,NetflixPL
okechukwuokech6,john
okechukwuokech6,HQNigerianArmy
okechukwuokech6,PoliceNG
smcdevitt2011,montypython
emerald1,JamesMelville
097s,python
QuoraScribes,QuoraScribes
ageis,redshiftzero
ageis,SecureDrop
AntoViral,skyetetra
QuoraScribes,QuoraScribes
The_NOXman,Gotham3
MenezToSociety,danii
DarrenHWBoyce,howardanglin
_reactdev,QuoraScribes
_reactdev,QuoraScribes
ServerlessFan,stackpair
gp_pulipaka,gp
SimonMurry1,paulwestonlibgb
EvaArriagaD,ArtFilmCinema
NVSData,bojan
jimmytabuk,JamesMelville
rafael_cuesta,lerique81
NoSQLDigest,pypi
markuserwee,RealPython
herbivore208,NeilUKIP
herbivore208,GaryLineker
danilopadua,rcruz
danilopadua,montypython
cristobalvega,gp
mikek18mdh_mike,fultybhoy4
mikek18mdh_mike,Nigel
NoSQLDigest,stackpair
moka18313,gp
nfz6,python
geekcartel,QuoraScribes
Calcaware,gp
AkiraIsaka88,tkmtSo
daniel96666,dekashoko
Andile17975097,Gotham3
Rupi_Ray,RealPython
jrlarsen,jrlarsen
jrlarsen,ManningBooks
rbw66,elagnab
rbw66,Graham21
rbw66,syptweet
rbw66,SheffieldStar
rbw66,yorkshirepost
rbw66,BBCLookNorth
rbw66,rbw66
rbw66,TheSadSquirrel
rbw66,JayMitchinson
rbw66,spacedapenguin
rbw66,Rebecca
fagnermorais,rcruz
fagnermorais,montypython
benjakuben,treehouse
PedroMBaeza,simahawk
platjapiles,anacondainc
platjapiles,nvidia
platjapiles,seibert
maryvonnemasse1,HeleneKuttner
maryvonnemasse1,operadeparis
python_le,PythonWeekly
gcetinkaya,gp
mjprovine,montypython
MrSouravSingh,gabrielpeyre
jayabaloo,zaanpenguin
StridderWal,DD
ayooluwasanmi,pythonibadan
DrWinTadd,JamesMelville
sjsoo,edu
sjsoo,micropython
sjsoo,microbit
pmedina,gp
nfz6,python
daytb_twy,StatMLPapers
Pato_DRS,montypython
097s,python
borntodievych,hanka
100DaysOfXBot,thomas041
100DaysOfXBot,py
edenhillm,copyconstruct
ccengizhanc,mustafaileri
francesc,the
alinp25,DahlitzF
100DaysOfXBot,thomas041
100DaysOfXBot,py
OluwaSirdam,RebelChuck
melissajorn,rcruz
melissajorn,montypython
victorv9,montypython
CopperSorrel,mwrmason
CopperSorrel,CdnFreethinker
CopperSorrel,jroach9680
dataandme,ledell
dataandme,h2oai
100DaysOfXBot,thomas041
Python_Basics,YouTube
Byeskille,redshiftzero
Byeskille,SecureDrop
collinsnjau1,thomas041
MichaelTeeter1,DrWhoWhatWhyHow
MichaelTeeter1,SacredOak
MichaelTeeter1,CarlRackman
MichaelTeeter1,Moss
MichaelTeeter1,BillyOwensJr
MichaelTeeter1,KrystleIII
MichaelTeeter1,mlmoosauthor
MichaelTeeter1,RMacayden
CDWGWAGov,SeattleOpenData
AlexSchmiit,montypython
drjtwit,katkoler
drjtwit,CodeFirstGirls
_Ryan_Smyth_,15Froger15
hamletse,JanetheActuary
nfz6,python
nfz6,python
al3hIshek,skyetetra
decimomeridio67,ArtFilmCinema
097s,python
atelierivaan,oclsc
DahlitzF,alinp25
ilovetea77,BlackSheepBeer
olknz,nostarch
buddhajim,LondonMayor
buddhajim,CityLonPolice
rstatsbot1234,ledell
rstatsbot1234,h2oai
OrlaODonnell,Magsah
rstatsbot1234,bojan
rstatsbot1234,murnane
rstatsbot1234,DZone
Lola_Dam,bbonfils
kevinkjh22,ArtFilmCinema
khalifa_8,A9
ayooluwasanmi,PythonWeekly
edenhillm,copyconstruct
imitation52,syuhei
oclsc,atelierivaan
Elmartillo7,ArtFilmCinema
mirceaulinic,pynetengr
nottsowls,JamesMelville
Oski_oui_oui,lauferlaw
Oski_oui_oui,ninaandtito
TonyOfOregon,AmyMek
ptdmicro,googlecloud
jens_siebert,tschodila
jens_siebert,dotnetCologne
yuvipanda,wait
yuvipanda,ctitusbrown
yuvipanda,jakevdp
egracieb,WrenChapman
egracieb,MaryMo35757168
markkola,montypython
schwarz_charles,YouTube
obestwalter,pythoncamp
obestwalter,schulungen
obestwalter,ThePSF
MargaretValtie,redshiftzero
MargaretValtie,SecureDrop
vosip,goodreads
byronesk,Oski
byronesk,lauferlaw
byronesk,ninaandtito
realNeilWeekes,OutragedMary
floweran1,RealPython
jeanswkinie,NetflixPL
DLVLK,DEJPett
floweran1,PythonWeekly
MM17389505,fedora
4shadowr,real
CarmielOffi,EcrisioFX
artur_mborges,NetflixPT
097s,python
ppxasjsm,jchodera
Boyolity,RebelChuck
UmarN91,JamesMelville
Denatkaa,wieczniezywy
DarwinexSSF,Darwinexchange
_P9,python
Gardenburglar,montypython
FaustianMan,15Froger15
SlimeyzZ,15Froger15
batgirl_susan,Nv
zkhudson,treehouse
M_Olson_,FiriaLabs
M_Olson_,FiriaLabs
Phil_Phee,mksk1997
aminuddin09,KirkDBorne
aminuddin09,DataScienceCtrl
097s,python
ZenFr_YT,EcrisioFX
_P9,python
HdHammer865,15Froger15
1loriking,howardanglin
amritpandeyy,treehouse
PanosM_GR,EnternityGR
JGomezST,GustavMejlvang
JGomezST,sb
JGomezST,Xtremtfokus
JGomezST,quantgorilla
AntGodber,GuildOfMakers
karolina_dudek,JamesMelville
0r1gamic,oezcanacar
0r1gamic,fkadev
pythonbot_,PythonWeekly
TheAllRoundNerd,eriicidle
safi_sy,ColumbiaBugle
TinyMeatSeason,spacetwinks
pythonbot_,fullstackpython
pythonbot_,RealPython
Sennathedog6969,christof
Sennathedog6969,Glinner
Sennathedog6969,BoknaaiBill
Sennathedog6969,designjonathan
Sennathedog6969,CountDankulaTV
tobosbunny,netflix
colindcarroll,beibei
Jamie_Darker,Abbie
ernestcuadrado,montypython
_P9,python
Criptovaleur,Devpractice
anandology,PyData
anandology,pydataberlin
sb_trader,JGomezST
sb_trader,GustavMejlvang
sb_trader,Xtremtfokus
sb_trader,quantgorilla
sjorge,pynetengr
loveisbrilliant,JamesMelville
warren_stearman,Daniel
mainiak_cz,nixcraft
chloelbre30,Bchlooo
UtarSystems,KirkDBorne
UtarSystems,DataScienceCtrl
philverd,SciBitely
christianholum,TheScotsman
DANEgerus,stem
DANEgerus,MikeStuchbery
vm_braindumps,gabrielpeyre
TheyCallMeDivas,dekashoko
brasst,nostarch
davatron5000,adafruit
Ar_Kinect,ymatsuo
TedKay1,montypython
sheswafa,iSecur1ty
python_rt_bot,pypi
Kiran_Ranganath,jessfraz
frankheenry,seanrukky
PHacon,jaclyn613
idrawdesigns,CodingAttitude
wilbardmb,Gotham3
s0rr0wwithbraid,eriicidle
ArnauldCastex,InformatiqueBP
ledsam_emma,TheScotsman
RenzoAniDAngelo,montypython
Xander_PhD,montypython
watashiwaoyster,montypython
62chas62,montypython
097s,python
smashio_info,nixcraft
indescribablelv,nostarch
pktsniffer,nixcraft
abartztweet,ledell
abartztweet,h2oai
Nirupamaprv,udacity
Angelica_M87,NetflixES
ianwood5557,JamesMelville
nfz6,python
DJ_Deccy,JamesMelville
TimberGhost7,tobosbunny
TimberGhost7,netflix
Jillkern,montypython
Yoshiaki_Tokyo,ymatsuo
Kiran_Ranganath,jessfraz
pkelkjaer,OutragedMary
palewire,JonRMcClure
palewire,tylrfishr
palewire,travisci
VTCoastal,SciPyTip
100DaysOfXBot,keirwhitlock
africa_active,Darwinexchange
FohlenPatrick,k
FohlenPatrick,HNIJohnMiller
097s,python
ccordoba12,gvanrossum
ccordoba12,MacHomebrew
besthealthyou,GrahamWP
mit_react,mit
Weerd1,realdonaldtrump
isabel_whoo,Stupididiotgurl
imranaliyv,Gotham3
rebecacorrea7,Vates
rebecacorrea7,vates
ZippyBot1000,egreen460
nfz6,python
nfz6,python
CarlosSophos,NetflixBrasil
_P9,python
collinsnjau1,keirwhitlock
MoiraEwesfulone,JamesMelville
InterBridgeWW,May
SwatiBoyAfrica,Gotham3
PyDataBA,NumFOCUS
nfz6,python
097s,python
asset25,drsxr
_P9,python
Cleo_Qc,KyleJwilke
Cleo_Qc,techie
Cleo_Qc,BaynesHeidi
Cleo_Qc,dexterind
isa697361,PythonHub
kazuarous,vboykis
oetgrunnen,montypython
RepublicOfKek,KWintie
RepublicOfKek,rickygervais
Ke_Twin,Gotham3
ShineDeirdre,Magsah
xplorico,cloudpreacher
johncorden47,JamesMelville
alevergara78,cloudpreacher
iandioch,Michcioperz
Johnny199904,gp
designjonathan,Sennathedog6969
designjonathan,christof
designjonathan,Glinner
designjonathan,BoknaaiBill
designjonathan,CountDankulaTV
Cczim1Rosas,koehrsen
Shohei192,Eslice3
alevergara78,NumFOCUS
nfz6,python
KowalVA,DescartesLabs
KowalVA,github
KowalVA,NatCapProject
futureforGB,JamesMelville
ed_hazledine,sgzFalcon
ed_hazledine,AtomEditor
ed_hazledine,pycharm
jesseddy,skyetetra
marbr0s,nicoguaro
marbr0s,pydanny
marbr0s,pyconco
MichkaPopoff,OndrejCertik
MichkaPopoff,pumpichank
MichkaPopoff,gvanrossum
MichkaPopoff,MacHomebrew
MrMattAnderson,JamesMelville
wutdahack,gurlycurlyy
paddy7bhoy,JamesMelville
greatnews2017,greatnews2017
Michcioperz,iandioch
korupon9,ceptree
HTML5_Trainer7,egreen460
korupon9,ceptree
madu_victor,CodingAttitude
_P9,python
bbruemm,tobi
bbruemm,WUR
testdrivenio,pybites
geraldkainz,derfinsterling
alevergara78,greatnews2017
AI_Florida,Strat
AI_Florida,Strat
AI_Florida,Analytics
luca_defeo,ProfCompMod
luca_defeo,EuropeanXFEL
luca_defeo,ProjectJu
bubblemilk,montypython
gurlycurlyy,wutdahack
BryFtL,montypython
nickberliner1,realDonaldTrump
Toilal,Swizec
GeorgeMinty3,Lauren
_P9,python
1oder0,SecurityTube
jlb284,louisegbuchanan
freddykruegs,montypython
denoc117,fullstackpython
denoc117,RealPython
babonnay,HeleneKuttner
babonnay,operadeparis
aliadolfo,fullstackpython
NlCHESYNDROME,montypython
techlab_JP,kurobee0317
AI_Florida,Strat
097s,python
NeslihanCaniken,ahmedjr
harycurl,satoshiU71
stewartslockbox,OutragedMary
CommunicatingSc,scoopit
denoc117,PythonWeekly
TheBotGirl,SleekDeals
AaronCuddeback,keirwhitlock
hullfair,biglesp
hullfair,Raspberry
szilviade_,ItalyMagazine
botgopher,jrlarsen
botgopher,ManningBooks
JulietMEvans,JamesMelville
i2p,redshiftzero
i2p,SecureDrop
sh4ishei,fderbaix
sh4ishei,soysuper
ChristaDicknoe1,montypython
nfz6,python
nfz6,python
097s,python
xonkbot,jrlarsen
xonkbot,ManningBooks
JoeCarne,dekashoko
_mero_25,I0rir
RDickinson,Hatarilabs
cunis2,ProfCompMod
cunis2,EuropeanXFEL
cunis2,ProjectJu
DigitalEmpress,Hackers
_MettIgel_,montypython
BitcoinAmiens,bbonfils
VTCoastal,katkoler
VTCoastal,CodeFirstGirls
HA_CK80,bbonfils
The_Idiodyssey,15Froger15
FiriaLabs,FiriaLabs
rje,FiveOutOfKevin
SarahJoubert64,codingsmartway
seaside_saint,JamesMelville
PyDataBA,anacondainc
PyDataBA,nvidia
PyDataBA,seibert
PyDataBA,suchi
hardcpy,LetterwriterMe
hardcpy,AdamWagner1
Mada_GD,reach2ratan
PaulWhelan745,JamesMelville
rstatsbot1234,ahmedjr
rstatsbot1234,NumFOCUS
SeedNuX,Hackers
mcarrasco,jeremyphoward
mcarrasco,fastdotai
mcarrasco,AdrienLE
ItTime2SpeakUp,15Froger15
auroramcedres,JaviNavares
auroramcedres,nazaretoporto
ArkangelScrap,DaveRubal
ArkangelScrap,KirkDBorne
CodeClubAus,CodeClubWorld
PyDataBA,PyData
LexViv,KirkDBorne
LexViv,DataScienceCtrl
Moonspinner55,Moonspinner55
LexViv,KirkDBorne
LexViv,DataScienceCtrl
MichauCieslar,macdac
PyDataBA,ledell
PyDataBA,h2oai
dpasaric,Kosjenka
bowen_james,JamesMelville
nfz6,python
dimpho_dzaddy,Gotham3
alexlib,RealPython
alexlib,kennethreitz
100DaysOfXBot,learnpythonbot
_P9,python
RMazurs,therealptomato
RMazurs,outreachy
oma_kazi,YouTube
bertocq,fderbaix
bertocq,soysuper
CracktheYank,Henke63
CracktheYank,TheGown61
CracktheYank,thedouch61
CracktheYank,smcm01
CracktheYank,steedelcaballo
CracktheYank,14stubs
CracktheYank,Rodthebod1
CracktheYank,jinxy0501
sara_weldon,Magsah
100DaysOfXBot,ReactDOM
PaulCar63005489,OutragedMary
PurpleDiane88,treyhunner
Derrotas_D,alicebiruta
_P9,python
rinbaka,vitorthechilli
genya0407,drken1215
LesleyS8888,TheScotsman
DrHarryLime,JamesMelville
wba_AndyM,JamesMelville
IamThembani,DD
edgarsj,therealptomato
edgarsj,outreachy
18Deedee,OutragedMary
ZippyBot1000,xilinx9959
CrazyAeveryday,YouTube
100DaysOfXBot,UselesstBot
ScooterBull,Patrici5Karen
small_rivers,montypython
097s,python
JohnSnowai,LexViv
JohnSnowai,KirkDBorne
JohnSnowai,DataScienceCtrl
RefaelLav,skyetetra
LilaLoveBeauty,YouTube
LilaLoveBeauty,Maybelline
collinsnjau1,UselesstBot
LukeSBE,NewsMonkey
victotara,LexViv
victotara,KirkDBorne
victotara,DataScienceCtrl
ArkangelScrap,DBaker007
ArkangelScrap,AnalyticsVidhya
YusufMJama,SANSPenTest
YusufMJama,SANSInstitute
YusufMJama,CertifyGIAC
alicebiruta,Derrotas
xanaskywalkerx,KasiaKoz
KumataNoKumakun,ceptree
nfz6,python
nfz6,python
FiveOutOfKevin,rje
p45b,JamesMelville
Ronald_vanLoon,ibobriakov
Ronald_vanLoon,iegroup
itknowingness,Ronald
itknowingness,ibobriakov
itknowingness,iegroup
1RabP,JamesMelville
cuppett,fedora
monkees1,TheCanaryUK
Buketiw,cemyurtlak
Buketiw,goksel
chadbuie,python
alevergara78,Ronald
alevergara78,ibobriakov
alevergara78,iegroup
alexlib,dbader
SparkTAMU,Raspberry
alevergara78,YwanVanLoon
JoanPennnative,mikefarb1
Walidws,DrLeoRios
brianokken,pythoncamp
brianokken,schulungen
brianokken,ThePSF
FLH,Hackers
L_proScience,YouTube
DeEftelingEfte,Efteling
blarson424,Ronald
blarson424,ibobriakov
blarson424,iegroup
daniel_rodsilv,Derrotas
daniel_rodsilv,alicebiruta
AllegraGiannin1,15Froger15
sehurlburt,real
RizzoBlake,montypython
scottgal,real
research_innova,Ronald
research_innova,ibobriakov
research_innova,iegroup
agenteinforma,montypython
salwa_aldrsi,Ronald
salwa_aldrsi,ibobriakov
salwa_aldrsi,iegroup
Raychan_16,reach2ratan
jm_rives,real
Boab10s,JamesMelville
DelphDuj,InformatiqueBP
fiber_god,real
bd05081966,Reverend
bd05081966,policescotland
p_a_n_o_p_t_i_c,Ronald
p_a_n_o_p_t_i_c,ibobriakov
p_a_n_o_p_t_i_c,iegroup
jfstallaert,montypython
bnic,Ronald
bnic,ibobriakov
bnic,iegroup
ErikRose,example
BurtsBikeBits,JamesMelville
100DaysOfXBot,elfosardo
andyfang_dz,vboykis
StackYourRoster,StackYourRoster
StackYourRoster,gulfergulfer
DigitalVipul,cloudpreacher
DigitalVipul,cloudpreacher
markrendle,real
fahguji,bartenderjfc
mayahustle,jfslowik
mayahustle,timyardley
mayahustle,bryansowen
_reactdev,xilinx9959
_reactdev,xilinx9959
Chi_Osinachi,john
Chi_Osinachi,NGRWailers
Chi_Osinachi,SKSolaKuti
Chi_Osinachi,Tutsy22
Chi_Osinachi,Amaka
Chi_Osinachi,EmekaGift
Chi_Osinachi,NkemdiMary
Chi_Osinachi,NkirukaNistoran
Chi_Osinachi,YemieFASH
Chi_Osinachi,segalink
pybites,Bleachin
pybites,pyb
atharva_vaidya,real
JakeyDFS,TheMichael
JakeyDFS,DonniDarkoe
AaronCuddeback,ReactDOM
am_sheffgenet,ee
TheLaughNetwork,thecomedybureau
AaronCuddeback,elfosardo
freetoopt,Ronald
freetoopt,ibobriakov
freetoopt,iegroup
AndyMorse,markalangreen
b_spectabilis,JamesMelville
Chayification,Seapeekay
SQL_plus_NoSQL,DZone
SQL_plus_NoSQL,javinpaul
JOCZECHOWSKA,JamesMelville
SnowGhostyy,NoKnownFuture
SnowGhostyy,rickygervais
SnowGhostyy,MrsJJJ
CTVRyan,ctv
mtierney_4,awscloud
mtierney_4,twilio
ServerlessFan,mtierney
ServerlessFan,awscloud
ServerlessFan,twilio
rakyll,1mathedog
rakyll,vielmetti
_bradleythughes,real
35mmbookman,Gotham3
Sazfella,15Froger15
097s,python
_P9,python
IoTtogether,mtierney
IoTtogether,awscloud
IoTtogether,twilio
JMBARLOG,Faeem
VizWorld,ibobriakov
VizWorld,iegroup
Ashot_,SleekDeals
JosieMcskimming,JamesMelville
uriondo,madrid
JViteri_FES,NESbot
aigarius,therealptomato
aigarius,outreachy
cottila,SleekDeals
victotara,SleekDeals
pjajs,ColumbiaBugle
blitzbub,NewYorkCoinNYC
aakhtar,JamesMelville
krachik,krachik
Jean_Paul_Felix,Jean
097s,python
alevergara78,Jean
Robert628lrc,TRobinsonOnline
Robert628lrc,perskeptive
Robert628lrc,CountDankulaTV
thordiakow,CTVRyan
thordiakow,ctv
Ad45917168,TonyBrooklynxxx
Ad45917168,KatyRoseOffic
Ad45917168,AssReFocus
Ad45917168,MALEStr8
Ad45917168,Str8stars2
Ad45917168,AssReFocus
Ad45917168,MalePornstarsPR
JeanJCSibelius,KalliJari
YoTrekkie,lerique81
bishopfox,UATedu
bishopfox,bishopfox
tornfacedeejit,JamesMelville
damirapon,bishopfox
damirapon,UATedu
damirapon,wrccdc
Cryptid_Gaylien,spacetwinks
OssAnna16,JQiu25
OssAnna16,pycon
nfz6,python
Bri8448,montypython
YoTrekkie,montypython
ioggstream,e
ioggstream,tcarrez
ioggstream,ffiore81
ioggstream,gpaterno
ioggstream,paolo
Fuffelpups,NESbot
yuvipanda,wait
yuvipanda,ctitusbrown
yuvipanda,jakevdp
hutch__man,JamesMelville
ReadySetGameDev,ahmedjr
FloDupuisWeb,bbonfils
_P9,python
alevergara78,ahmedjr
unvarnishedvoid,15Froger15
anthonymcqueen,python
InkSHD,montypython
AntonioMileo,Yattaran
iandioch,Michcioperz
Simplykacy,Gotham3
Captain_Vad,JamesMelville
SireGoupil,montypython
TwitItalianWine,ItalyMagazine
story645,vboykis
doganhatip,mustafaileri
ayirpelle,ledell
ayirpelle,h2oai
JT_Mekjian,Reverend
JT_Mekjian,policescotland
pyritepyro,markpettersson
pyritepyro,policescotland
Ti_Kam,ErikRose
Ti_Kam,example
e_nterdiscipl,armaninspace
TheReaper1980,montypython
usmanahmed189,Ronald
usmanahmed189,ibobriakov
usmanahmed189,iegroup
milamcminder,JamesMelville
Dicipleofkek,PeterSweden7
LiamSmithboi,OutragedMary
Punchingthesun,15Froger15
NARUSHIMA_CGFAN,ymatsuo
_P9,python
_P9,python
iv4eg,python
wittmaan1,ledell
wittmaan1,h2oai
HalSpeed,FiriaLabs
HalSpeed,FiriaLabs
MrShaunMcCann,real
scixam,real
nfz6,python
anshumapandit90,Ronald
anshumapandit90,ibobriakov
anshumapandit90,iegroup
_P9,python
cod3ghoul,Bleachin
cod3ghoul,talkpython
lu3063,RealPython
lu3063,ScottWRo
paw,redshiftzero
paw,SecureDrop
Punchingthesun,ColumbiaBugle
Tonythetech,OutragedMary
Gideons_Way,JamesMelville
jhadlich,jeremyphoward
jhadlich,fastdotai
jhadlich,AdrienLE
K0YCHEV,K0YCHEV
HR_Castillo,Jean
gjesic,Kosjenka
taqs_blaze,python
faithandcyber,SecurityTube
KenioCarvalho,armaninspace
Q2Continuum,DigitalVipul
Q2Continuum,cloudpreacher
Q2Continuum,cloudpreacher
tornad17,bbonfils
MannRhona,JamesMelville
drchoapatalear,fanetin
drchoapatalear,eldiarioes
nfz6,python
097s,python
097s,python
Gremitt,TheScotsman
_P9,python
Andalibt3,skyetetra
EfeTheStar,kizgibikodla
victotara,python
Pybites100,cod3ghoul
Pybites100,sqlalchemy
Dals_Njidda,linuxjobber
BashfullyApp,real
Pybites100,TalkPython
K0YCHEV,K0YCHEV
K0YCHEV,K0YCHEV
OssAnna16,HelloMelanieC
OssAnna16,pycon
Anny_Glossy,Gotham3
NinjaSolitaria,SecurityTube
anasalmont,Podcrast
cannoneerfour,kenk22
valorm_,real
nfz6,python
EdKingdon,RagnarWeilandt
_P9,python
Ashot_,xilinx9959
ifindinternship,real
CBRMikelockett,OutragedMary
EWDurbin,OssAnna16
EWDurbin,HelloMelanieC
EWDurbin,pycon
K0YCHEV,K0YCHEV
hugoallanmori,Ronald
hugoallanmori,ibobriakov
hugoallanmori,iegroup
peterardennet,airmonkey120
Booty_Spanker,MokoenaDee
YusufMJama,DZone
YusufMJama,javinpaul
MartinCiupa,vinod1975
AaronCuddeback,TSS
joco18023,GrrrrJones
xonkbot,xilinx9959
nfz6,python
albianconero35,Yattaran
dherman001,policescotland
_P9,python
yow_conf,dbader
javaamo,HackersWeek
npjackson123,Brexit
bercails,montypython
MartinCiupa,DeepSingularity
birgittevester1,SLASHWILDLIFE
RaptorHawk,Podcrast
badastridd,DRUDGE
MartinCiupa,gp
nfz6,python
Raychan_16,ipfconline1
Raychan_16,perceptionweb
BhargaviUrs,raymondh
K0YCHEV,K0YCHEV
elarbina,Ronald
elarbina,mattmayo13
elarbina,kdnuggets
elarbina,AndrewYNg
GrahamSkipper,montypython
Potterian2,Gotham3
depetrisleeann,STEMpythons
depetrisleeann,STEMcha
depetrisleeann,STEMFabLab
gpuoai,anacondainc
gpuoai,nvidia
gpuoai,seibert
Jason_McEwan,VaughanBlog
HackIntoHeart,ThePSF
greatnews2017,greatnews2017
Techxorcism,xilinx9959
tekizu,TalkPython
RicardoPF,Podcrast
danielbowen,NetflixANZ
phil_vanes,JamesMelville
nfz6,python
MarkDonegan3,ArtFilmCinema
robin_stafford,JamesMelville
Dggonzalez2015,PacktPub
Illarionov_msu,worldquantu
pybites,RealPython
boardfish_,katkoler
boardfish_,CodeFirstGirls
cod3ghoul,RealPython
StaceAileen,ochong26
nfz6,python
adegbiji,Gotham3
OACBR,rcruz
OACBR,montypython
FreeTutsForYou,indianDevJourne
henry0410,JamesMelville
moazaamir,treehouse
pleiszenburg,mkennedy
programepython,PythonWeekly
SmithSynergy,FiriaLabs
SmithSynergy,FiriaLabs
Neoavatara,netflix
Neoavatara,montypython
FyrchMyrddin,JeffTechnoWizAQ
FyrchMyrddin,Angelheartnight
FyrchMyrddin,Imaconsumer
WP_Prem,xilinx9959
ThiagoOurives,Podcrast
batuomo,ThePSF
Need4orSpeed,NewYorkCoinNYC
direnefam,SebGorka
geekingaround45,15Froger15
cool_python,python
iampatelrp,RealPython
manquinalix,AvaPqrd
manquinalix,ballsofcxnnor
100DaysOfXBot,pybites
NEBuMAX,JobHookup4U
Freddy_Fischer,montypython
plaincrypt,redshiftzero
plaincrypt,SecureDrop
DevHighlights,xilinx9959
cod3ghoul,pybites
Shallower_Mal,OutragedMary
nwiteuchennajos,Amaka
Pipol1789,montypython
girtis,PlanGrid
vanessakristoff,bguise26drum
armnewsteam,Argonne
armnewsteam,Cyclogenesis
juneedpk,ahmedjr
erich_muller,ZukaMedia
FreakingFrench,NetflixFR
Pybites100,pybites
ceptree,tkf
hrabiaKent,ahmedjr
ene3112,Ronald
ene3112,ibobriakov
ene3112,iegroup
PyDataBA,pybites
MarcoKailashweb,xilinx9959
UtarSystems,ahmedjr
TimothyFramp10,15Froger15
NeilDance,Dougieshields
collinsnjau1,pybites
woodrobe,MarkBaggett
FurrytoeTerry,MIT
1re1,1re1
ZerovsSpifire,policescotland
ZerovsSpifire,Hag
_reactdev,ZukaMedia
DanielDonda,AyushWINsider
DanielDonda,Codecademy
LouisLtsk,montypython
100DaysOfXBot,DayByDayCoding
Omphemetse__m,Gotham3
zacherymwalker,DiversityAndCmx
zacherymwalker,CountDankulaTV
Olayemi4real01,pybites
Ritmonegro,PacktPub
wait_sasha,yuvipanda
wait_sasha,ctitusbrown
wait_sasha,jakevdp
_P9,python
careersingrowth,Dicedotcom
dasschlob,montypython
Rensjehh,ThemeParkReview
Rensjehh,Efteling
JeffTechnoWizAQ,FyrchMyrddin
JeffTechnoWizAQ,JeffTechnoWizAQ
JeffTechnoWizAQ,Angelheartnight
JeffTechnoWizAQ,Imaconsumer
Internvidya,indianDevJourne
xcamiv,miami
dasschlob,montypython
Neo_Vilson_Wong,vikramsalunke20
Neo_Vilson_Wong,HITBSecConf
lolanismen,xilinx9959
quick_maths,real
MrsHampshire,eBay
athanseOK,eelrekab
AaronCuddeback,DayByDayCoding
AaronCuddeback,pybites
alevergara78,eelrekab
modbaquedano,programaarduino
prodigy_rm,Xeamin
aidan_walsh,montypython
Ejikeedeh7,Emekannaoma
MikeyEftel,Efteling
wendyj08,JamesMelville
gulfergulfer,StackYourRoster
gulfergulfer,SxL
python_rt_bot,elliotpage
tanurai,imadaily
tanurai,GuildOfMakers
tanurai,shfraspjam
python_rt_bot,Emekannaoma
DundeeRecords,montypython
python_rt_bot,PostPCEra
_P9,python
st_mulberry,JamesMelville
rounin_hjr,fgksk
_gnobre,Derrotas
_gnobre,alicebiruta
AllTooHumans,real
_gnobre,alicebiruta
_gnobre,Derrotas
machinelearnbot,Ronald
machinelearnbot,ibobriakov
machinelearnbot,iegroup
ServerlessFan,ServerlessGuide
_Lakshika_,paulienuh
_Lakshika_,Ni
holmesjsamuel,montypython
isabelcordova_s,fderbaix
isabelcordova_s,soysuper
SarahJoubert64,ahmedjr
SxL_recs,gulfergulfer
SxL_recs,StackYourRoster
SxL_recs,SxL
SxL_recs,FriendofMineRec
paulagrangeiro,anthonypjshaw
GGedean,BIdoBrasil
DCGLUG,exeter
SimoneCosimi,montypython
jxpert_,jxpert
jxpert_,Anadeainc
pauledevans,AllOut
dseednorway,jeremyphoward
dseednorway,fastdotai
dseednorway,AdrienLE
biancha_neve,montypython
acorsinl,fderbaix
acorsinl,soysuper
malcolm_ring,Codecademy
khalil_hughes,CamAyyyyyy
OldieNerd,Podcrast
elarraydejota,MiguelDarioCh
krzysbukowski,yasiek
SvenHesse2001,teamlooopings
umeozojude,Ronald
umeozojude,kdnuggets
ORomenique,vitorthechilli
WillingCarol,OssAnna16
WillingCarol,HelloMelanieC
WillingCarol,pycon
johndeer4887,KIHistory
JoshuaRowe11,elfosardo
PoxonSally,prodnose
MarcoKailashweb,egreen460
SvenHesse2001,Efteling
Crazdude,stickerapp
ReelProgress,DRUDGE
ReelProgress,getongab
AmanKhanna,drsxr
AlanHawxbyMD,emma
nfz6,python
pauledevans,AllOut
dherman001,dherman001
dherman001,policescotland
cirqsole,montypython
100DaysOfXBot,bbelderbos
cboutaud,cr0ft0n
AnnasPoshAlley,poshmarkapp
pedrotomazalves,andysims93
pedrotomazalves,TalkPython
pedrotomazalves,mkennedy
JohnMcDAR,montypython
realmarkrnrt,Dtrenk
realmarkrnrt,BenHowe
JullOxW,EcrisioFX
NoSQLDigest,indianDevJourne
craziefraze,OmegaJak
craziefraze,johntruman
pynamscholars,PlasmaDray
Law_Rhetoric,dekashoko
_NYMaya_,montypython
iOSdevTweets,indianDevJourne
_LarissaK,CineArte
mushfiqweb,xilinx9959
tonksrosa,vitorthechilli
kaizen_nagoya,Qiita
eren_niazi,HanseSecure
zombie_lizard87,emzoticofficial
CultofSkaro551,GenesisMachines
Hamptainment,montypython
fujosati,yanni4100
MAXIM_MLA,DigitalVipul
MAXIM_MLA,cloudpreacher
MAXIM_MLA,cloudpreacher
greatnews2017,greatnews2017
MickyBTFC62,JamesMelville
Grigortw,xilinx9959
_P9,python
antoniorentero,OnePerfectShot
SchoolProfile,DjangoGirlsBdx
SchoolProfile,Inria
MalachiTFulcher,YouTube
JUDAONews,NetflixBrasil
MonoSandhu,JamesMelville
hafsatuuu_,Gotham3
ZachBessinger,jeremyphoward
ZachBessinger,fastdotai
ZachBessinger,AdrienLE
joeywa_44,kellywaynecox
joeywa_44,montypython
HTML5_Trainer7,xilinx9959
ale_pris,JUDAONews
ale_pris,NetflixBrasil
zippylab,Ronald
zippylab,ibobriakov
zippylab,iegroup
geraltshansa,montypython
JUDAOcombr,JUDAONews
JUDAOcombr,NetflixBrasil
hairymarx1,JamesMelville
HTML5_Trainer7,indianDevJourne
Bf99Floyd,JamesMelville
insaintity,montypython
097s,python
vandykswartz,posativ
terraleste_,JUDAONews
terraleste_,NetflixBrasil
slaithwaitegirl,JamesMelville
tigerlindseyf,TraceyVoysey
Dmellostein,JUDAONews
Dmellostein,NetflixBrasil
nfz6,python
sghi29,Yattaran
097s,python
kaizen_nagoya,Qiita
stuartaelmore,montypython
lailahh_b,Gotham3
wordfinga,ReactDOM
momyomomyo,saitamakita
chelseaskin69,JamesMelville
collinsnjau1,ReactDOM
PlumbingCXNMag,Australia
CODEmagazine,mkennedy
74vicalves,JUDAONews
74vicalves,NetflixBrasil
andreasellw,redshiftzero
andreasellw,SecureDrop
ale_pris,JUDAONews
ale_pris,NetflixBrasil
DragonFury19,Crazdude
DragonFury19,stickerapp
nowell_berry,nixcraft
_P9,python
097s,python
jcorippo,krausecenter
Welll_Azevader,JUDAONews
Welll_Azevader,NetflixBrasil
FernandoGMO,gabrielpeyre
Cynthia26202688,zacherymwalker
AlekseyBelevich,montypython
syunmyo,saitamakita
AaronCuddeback,mkamimura
tRickSalsman,itswayne4
097s,python
dianehain,JamesMelville
HalieOlinger,africandork
einsteinsboi,raymondh
barvin04,jeremyphoward
barvin04,fastdotai
barvin04,AdrienLE
pythonbot_,andysims93
pythonbot_,TalkPython
pythonbot_,mkennedy
exPodlachia,montypython
zakxxi,la
zakxxi,zakxxi
NickCageC,BigWillyyStyle
_P9,python
Mat_Doumenge,montypython
chticolas,bbonfils
nerdygirlrenee,montypython
jmshick0130,MathoInc
NHoppo,nooouch
NHoppo,tnewtondunn
097s,python
UtarSystems,eelrekab
ioanarav,TwitterUK
ioanarav,CodeFirstGirls
ioanarav,MirelaIclodean
ioanarav,amesimmons
non_neon,OutragedMary
RTjmora,kdnuggets
EnigmaNetxx,JamesMelville
nfz6,python
oclsc,atelierivaan
Cyrii_Lightning,RNR
hackernewsbot_,SecurityTube
hackernewsbot_,SecurityTube
TalkPython,pybites
RoryJosephQuinn,modeanalytics
DaveAtherton20,dherman001
DaveAtherton20,policescotland
imgswr,THE
oil_shaeikh,Gotham3
e30325ialpina,JamesMelville
BeheraMaahi,kdnuggets
Amy_Says_Relax,JOEdotie
Eilowny,Crazdude
Eilowny,stickerapp
wigging,LearnChemE
wigging,YouTube
JordyStofberg,NetflixNL
sisukiy,razorsecure
TaKeMusik,FriendofMineRec
TaKeMusik,gulfergulfer
TaKeMusik,feckingbahamas
alevergara78,RoryJosephQuinn
alevergara78,modeanalytics
mwengway71,OutragedMary
alevergara78,kdnuggets
paulienuh,katkoler
paulienuh,CodeFirstGirls
shaynimal,jeremyphoward
shaynimal,fastdotai
shaynimal,AdrienLE
eduardolsd,JUDAONews
eduardolsd,NetflixBrasil
MrParacletes,Asetisis
SalarRahmanian,3pletDad
paulienuh,ee
almofadinhxs,JUDAONews
almofadinhxs,NetflixBrasil
faateemaah_,Gotham3
remote_ok,divio
100DaysOfXBot,tomordonez
ZippyBot1000,egreen460
UXSCi,nostarch
nfz6,python
_P9,python
Suxxyman2,Gotham3
moja_aomk,ceptree
Blistified,egreen460
Ahmadudu__,Gotham3
cq94,MinitelResearch
cq94,desconcentrado
cq94,ComputerHistory
cq94,LivingComputers
Brynks_182,JUDAONews
Brynks_182,NetflixBrasil
Kimbo4Prez,dherman001
Kimbo4Prez,policescotland
jemonleon,fderbaix
jemonleon,soysuper
EBlaudez,KirkDBorne
jahzzar,montypython
thesignature01,Gotham3
tuk244,Podcrast
Pixelaffe,yanni4100
EvilAmbrose,Iamlucky87
EvilAmbrose,SPeitsch
EvilAmbrose,Glinner
EvilAmbrose,BoknaaiBill
EvilAmbrose,designjonathan
EvilAmbrose,CountDankulaTV
Shanky_McShank,DailyGrail
alevergara78,RealThinks
SimonWPatterson,MooresGhost
cristian_godoyy,RealPython
bitcoinzohan,RNR
NeverTwain,OutragedMary
Froginhotwater,15Froger15
jedwhitley,montypython
drob,skyetetra
PW_75,yanni4100
soetter,kazunori
scienceinnovat3,ceptree
ytessy,ceptree
ChandDizzlle,RealThinks
zuisener,ceptree
AtomicPunk57,Baddiel
sassyjan3,JamesMelville
_reactdev,mariusciziunas
_reactdev,egreen460
swcarpentry,pybites
WaiveGG,RiotJigu
WaiveGG,Marina
WaiveGG,montypython
WaiveGG,NetflixBrasil
WaiveGG,PHsuman
RolyatZag,JaimieAlexander
PythonLibHunt,kdnuggets
Viii63,Lamugh
forrestlcraig,YouTube
CharlesHigh11,Nigel
CharlesHigh11,fishingforleave
Biafra,tonykeyesjapan
Biafra,MrThreadzilla
i_Own_Kirko_B,Gotham3
RiotJigu,WaiveGG
RiotJigu,Marina
RiotJigu,montypython
RiotJigu,NetflixBrasil
RiotJigu,PHsuman
nfz6,python
Stormchild3,15Froger15
CodeDomain,jensb89
CodeDomain,DavidUnzicker
victorvicpal,bbelderbos
_GGcoZ,ArtFilmCinema
LaurentBertaud,DeepkiSAS
icrachn,ceptree
il_freddy,hpc
_P9,python
ceres0822,theTorfinnOlsen
097s,python
KK93110,YouTube
AngryEgyptianX,python
cryptoBowie,RNR
100DaysOfXBot,PythonHub
WaiveGG,Marina
WaiveGG,RiotJigu
WaiveGG,montypython
WaiveGG,NetflixBrasil
WaiveGG,PHsuman
khalil_hughes,PythonHub
andrasonea,gokhan
andrasonea,LSEnews
andrasonea,SEDS
andrasonea,RConsortiu
baphometx,OnePerfectShot
bruno_lk,JUDAONews
bruno_lk,NetflixBrasil
nfz6,python
097s,python
AaronCuddeback,tomordonez
juanmacias,fderbaix
juanmacias,soysuper
jhewitt123,DrLeoRios
AaronCuddeback,PythonHub
ASPnix,ASPnix
RyansHeadTalks,montypython
StartUpRealTime,ASPnix
billglennon,bbelderbos
Leymus89,RNR
mokonono,ceptree
097s,python
icases,EMBLEBIjobs
icases,emblebi
100DaysOfXBot,raym0ndgabriel
CharleenRyan4,15Froger15
tonksrosa,mtesperon
simon_mich,RealPython
PlaylistExpert,YouTube
CBeloch,yanni4100
3Xpl01d,CyberDomain
nfz6,python
nfz6,python
ImNickHuber,raym0ndgabriel
097s,python
MarcosPolanco,LucenaResearch
sp4c14l,paulagrangeiro
sp4c14l,anthonypjshaw
maxdan94,ClaireLoram
maxdan94,GetEvichat
maxdan94,lexemollc
maxdan94,frgagnant
cournape,jeremyphoward
cournape,fastdotai
cournape,AdrienLE
Winter_Maiden,TheRealTavie
rhobound,nonprophetess
jimaids,jeremyphoward
jimaids,fastdotai
jimaids,AdrienLE
LlMatthew,montypython
collinsnjau1,raym0ndgabriel
cottila,bbelderbos
NeverTwain,15Froger15
HubadevKP,RoryJosephQuinn
HubadevKP,modeanalytics
097s,python
_P9,python
Blitzfrieden,YouTube
giuCapote,Roberjan
hushy1,JamesMelville
allanpoecrow,MissAdrienneNYC
krachik,krachik
DanComp74413494,OutragedMary
nfz6,python
097s,python
Syd_Lexia,norbert88
cristian_godoyy,RealPython
myourshaw,pypi
frontendtweets,xilinx9959
100Fists,VeryNearlyViral
TheRickIzzo,lantiga
GildsonGoes,JUDAONews
GildsonGoes,NetflixBrasil
cristian_godoyy,django
con_air_infosec,jsncrabtree
alirg1,gabrielpeyre
cristian_godoyy,fullstackpython
ManuTRILH,AnalyticsVidhya
bityob,JohnLaTwC
StackYourRoster,gulfergulfer
StackYourRoster,StackYourRoster
StackYourRoster,SxL
StackYourRoster,FriendofMineRec
MrCoolLooking75,shadoestevens
haloefekti,JamesMelville
DevHighlights,xilinx9959
thomas_mock,skyetetra
Mondeh_Zcally,MokoenaDee
Phire_Blue,Bossier
gmdutfield,JamesMelville
BBetulius,MalwareTechLab
BBetulius,MalwareTechBlog
General_Makaba,LinusTech
Fusion_Eng_JPN,ceptree
SandraEckersley,JamesMelville
alsombra7,jeremyphoward
alsombra7,fastdotai
alsombra7,AdrienLE
mauriciosl,gvanrossum
mauriciosl,MacHomebrew
_rayhxna,JamesMelville
babyfaceEasy,RealPython
ManiaOriginal,YouTube
55555smd,JamesMelville
EricIdle,montypython
babyfaceEasy,dbader
xHightower_,montypython
Dan100003,OutragedMary
_P9,python
604realtor,montypython
tdfonseca,montypython
jotapers,JUDAONews
jotapers,NetflixBrasil
robertpitt4,JamesMelville
Mukhtar41982497,OfficialAhmedB
julie_virgo1,montypython
aguilos_abigail,TheaterFansMNL
aguilos_abigail,upstartmanila
jorgenpt,jorgenpt
jorgenpt,sehurlburt
NEBuMAX,MarcosPolanco
NEBuMAX,LucenaResearch
barabeke_it,T
barabeke_it,giulioenrico
barabeke_it,vittoriozucconi
barabeke_it,StellaDMA
drBDOUG,gabrielpeyre
Hyspasia,gratiavobis
GAberasturi,armaninspace
raonyguimaraes,gatk
Meldilorn,JamesMelville
GregMolzahn,montypython
foxykissezz,deesonasty
LauCavallo,NetflixLAT
alevergara78,armaninspace
BRANDdonator,tdnvl
PinochetGrigio,CaptShepster
RamiroJCar,JamesMelville
nfz6,python
X2NED,montypython
_jesusflores,fderbaix
_jesusflores,soysuper
elsisrad,KeplerGO
_P9,python
StayTooned_,NoyahKing
HumBirdie,montypython
its_sned,fuzzlekins
its_sned,UltimaShadow
Goufunaki,montypython
msfluffyfleming,JamesMelville
stickymeringue,JamesMelville
toroadrian,montypython
TOMO17_JP,May
bitcrazed,marcinskarbek
bitcrazed,emanuil
bitcrazed,ach3ron
bitcrazed,msdev
sp4c14l,montypython
jgschraiber,aylwyn
olsterbean,montypython
Johnaldinho816,montypython
photon1116,python
DazBear1969,montypython
jcaine331,montypython
Shirihirin,fgksk
SamLJPage,JamesMelville
marcelvandenber,NiallQuinnLK73
mpschultzzz,montypython
STManson,montypython
MuddAnstey,AustralisTerry
nonprophetess,rhobound
toughbunny1,montypython
machinelearnbot,kdnuggets
Shelfside166,aluvka
fatherlyconcern,kaskispa
fatherlyconcern,Scientits
fatherlyconcern,CountDankulaTV
fatherlyconcern,5thCircAppeals
hjm9652,lixnect
EvilAmbrose,SPeitsch
EvilAmbrose,Kycirion1911
dagkoval,montypython
jasonirwin,montypython
ceedubvee,TriNUG
Tw_Mhage,ceptree
steve_piercy,TalkPython
PylonsProject,TalkPython
097s,python
StijnFens,montypython
plaincrypt,armaninspace
MathiasStahle,montypython
orodenker,terryteachout
jesscovino,montypython
rhobound,nonprophetess
Decervelage,montypython
cbueno,Podcrast
rudymurad1,montypython
VsIsraelWTF,JCPetruzza
leonardi_damian,JamesMelville
khalil_hughes,montypython
jaysondelancey,pypi
NoSosVosNiYo,leidi
Joeneto2,YouTube
cassieholland,montypython
skinnysumo09,15Froger15
imgswr,Dr
kjaymiller,real
ncjones96,montypython
UlvBjerkan,YouTube
nfz6,python
Revelo1989,MarzGurl
python_le,RoryJosephQuinn
python_le,modeanalytics
clichenovo,JUDAONews
clichenovo,NetflixBrasil
imac76,montypython
_P9,python
097s,python
hebiwokahu,MZ
motasem,jeremyphoward
motasem,fastdotai
motasem,AdrienLE
mikedietsche,AdamWagner1
voiseolla,montypython
dmwings60,montypython
ishitaka_life,fgksk
ro_haddad,montypython
schneitlight,montypython
nfz6,python
Folka_H,montypython
AcekingNorris,montypython
097s,python
PoliteCow,JohnCleese
PoliteCow,MiaCassinelli
cosasdebaboon,montypython
sadboy021,Gotham3
tinproject,Gistraininges
rigreja,JUDAONews
rigreja,NetflixBrasil
lukaszbyjos,the
BuckleyDan,montypython
_P9,python
GottaRelax,JamesMelville
SilvestriFr,MIT
ro_haddad,NetflixBrasil
margrazyna,JamesMelville
dudley_the_dog,NorthernLeaguer
dudley_the_dog,Mashes
dudley_the_dog,thomas
dudley_the_dog,Keldelith65
dudley_the_dog,HollibeatGundog
dudley_the_dog,TrooperSnooks
maordp,VisualStudio
the_mckern,the
JUDAOcombr,NetflixBrasil
rstatsbot1234,pythoninformer
yimidu,montypython
renas_o,JUDAOcombr
renas_o,NetflixBrasil
RealPython,TalkPython
JamesPolk44,15Froger15
cam7192003,montypython
JoshARhoads,Ronald
JoshARhoads,kdnuggets
kindimmanne,montypython
giovanneed,JUDAOcombr
giovanneed,NetflixBrasil
aleheredia,JUDAOcombr
aleheredia,NetflixBrasil
_P9,python
AdamJOrr,benrjack
gzajaczkowski,MaciejChmielarz
claudiaguirao,ledell
claudiaguirao,h2oai
annableigh,montypython
annableigh,EricIdle
AlanJac10051970,kauilapele
AndersGitarre,Shane
MelroLeandro,Ronald
MelroLeandro,ibobriakov
MelroLeandro,iegroup
biz4e_hirayama,Whiskey
tokyoedtech,RealPython
lovelywinter83,JUDAOcombr
lovelywinter83,NetflixBrasil
ChaircoChen,gvanrossum
ChaircoChen,MacHomebrew
chrisvcsefalvay,derekhennen
_P9,python
billymac1962j,montypython
Mervanya123,YouTube
JUDAOcombr,JoaoMarcos14
JUDAOcombr,NetflixBrasil
zippylab,kdnuggets
claudiasimas,JUDAOcombr
claudiasimas,NetflixBrasil
SamNBrown52001,JamesMelville
dempster28,JaimieAlexander
dempster28,Clint
wordfinga,RealThinks
freeWorld2,BarbySustourism
freeWorld2,SimonBruni
B9Joker108,YouTube
harlo,redshiftzero
harlo,SecureDrop
IKSwobud,montypython
B9Joker108,YouTube
DSkyeArch,montypython
cod3ghoul,bbelderbos
unoiseaucoasse,PhotosHistos
Master4Cad,jeremyphoward
Master4Cad,fastdotai
Master4Cad,AdrienLE
Piyamakaro,montypython
vinnycordeiro,NetflixBrasil
nfz6,python
unoiseaucoasse,PhotosHistos
orpheusfound,JamesMelville
orpheusfound,JamesMelville
aliochdelasott,PhotosHistos
BarbySustourism,freeWorld2
BarbySustourism,SimonBruni
ketchum58021268,RealPython
CreativeDrunk,GrowingUpDumb
FPGA_user,karaage0703
Galacticcccc,ceptree
o0ignition0o,practicingdev
CodingFlux_,andysims93
CodingFlux_,TalkPython
CodingFlux_,mkennedy
DevDiegoGo,renzoprobr
Cstone_E,programmingurus
alevergara78,Ceo
theblackmattW,montypython
spectrumfox,montypython
megbenitez,JamesMelville
flipcritic,montypython
JohnSnowai,Ceo
Discrete_sc,ahmedjr
NinetyEight_6,Hoosiers1986
NinetyEight_6,inittowinit007
NinetyEight_6,rogersbra
NinetyEight_6,CB618444
NinetyEight_6,watspn1013
NinetyEight_6,RodStryker
NinetyEight_6,thebradfordfile
pete_higgins,the
MattAllalone,EskdaleJunior
SBDVintage,eBay
PaulyBowz,PhotosHistos
BippyTheGuy,Bonemasher
BippyTheGuy,OneyNG
Javi_Cueva,NetflixES
xtremetrinityV1,YouTube
pythonbot_,pybites
lrcezimbra,vmesel
Fildelhistoire,PhotosHistos
m0dernworld,EricIdle
fernandoblucena,JUDAONews
fernandoblucena,NetflixBrasil
palavrossavrvs,dherman001
palavrossavrvs,policescotland
ScienceNetLinks,NewsfromScience
k10an22to,ceptree
shingouz92,PhotosHistos
GFN_NewYork,TOMFORD
annmsutton,montypython
ka11away,pybites
100DaysOfXBot,ka11away
JoeGrafton6,dherman001
JoeGrafton6,policescotland
Sean_TammiKing,Gotham3
grappleshark,paulienuh
grappleshark,Ni
Jlucasnj,mikefarb1
097s,python
alexteachey,KeplerGO
bulladave,RealAlexJones
AaronCuddeback,ka11away
kt6nb2,nankuru0213
nfz6,python
DonThunder,montypython
e_monty,hype
e_monty,e
e_monty,pyconit
HanfLars,faizah
e_monty,pyconit
e_monty,e
_P9,python
MrTomCatt,BrendenJoseph11
BlackByrdGyrl,montypython
gimmellimarco,montypython
e_monty,ioggstream
e_monty,e
e_monty,tcarrez
e_monty,ffiore81
e_monty,gpaterno
e_monty,paolo
MrKenShabby,montypython
python_rt_bot,iandioch
Madsp4,montypython
rittai_an,montypython
python_rt_bot,BrendenJoseph11
Ashot_,3pletDad
jjmuch63,JanetheActuary
_P9,python
florencekie_e,GFN
florencekie_e,TOMFORD
bobpoekert,casio
carlos_wt,vinnycordeiro
carlos_wt,NetflixBrasil
mhaeberli,the
agentathcliath,JamesMelville
EddieRobson,montypython
Kiryust,montypython
samuraibook88,hatenablog
TillyFukUpFairy,montypython
verissimoallan,JUDAOcombr
verissimoallan,NetflixBrasil
julthulhu,montypython
Mes_references,PhotosHistos
StackYourRoster,gulfergulfer
wichinpong,jeremyphoward
wichinpong,fastdotai
wichinpong,AdrienLE
PythonGB,gam3rvoid
nfz6,python
yha0884,ymatsuo
pydude_,TalkPython
liza,xor
ricaportelas,TalkPython
casio_juarez,FotoVerite
_juliansequeira,bbelderbos
097s,python
_juliansequeira,pybites
dominicjmaxwell,montypython
casio_juarez,FotoVerite
BishofBandW,dherman001
BishofBandW,policescotland
nob777777,ymatsuo
zimbasplace,JamesMelville
Eliot_Yo,JulienSave
HotelTheLodge,YouTube
AetherUnbound,doktorclaw
AetherUnbound,CellProfiler
leomontm,gp
PiranhasEatWill,montypython
dttee,Listia
nfz6,python
fortnebula,fedora
100DaysOfXBot,max
JohnLSandy,montypython
100DaysOfXBot,born2ride
leriomaggio,StatMLPapers
RKAvanSchendel,lothrazar
RKAvanSchendel,JohnCleese
Seffers007,montypython
astrowizicist,adrianprw
Andrewbrennan97,montypython
greennail999,May
Francesc_Forex,fderbaix
Francesc_Forex,soysuper
drakkir,YodaCon
thehauntedguy,NetflixUK
gw_jenkins,YouTube
PumpkinNew,montypython
nfz6,python
nfz6,python
fabulous_diy,Venetiabella
eastend_olympic,molecularcont
_P9,python
osasa856,montypython
Jim_Cornelius,JamesMelville
albelwu,jeremyphoward
albelwu,fastdotai
albelwu,AdrienLE
Altraider,therealptomato
Altraider,outreachy
casio_juarez,bobpoekert
MakersGate,adafruit
andwarn,JamesMelville
Anti_Straightt,Gotham3
kokokichi32,mazmex7
DRFCuniverse,Otto
benjaminf2567,dekashoko
nfz6,python
WdJd9,karaage0703
Ceo_Branding,Ceo
DoNotTrollOnME,dherman001
DoNotTrollOnME,policescotland
TheScottAJones,pynetengr
bluechoochoo,xor
jessicarose962,NewsfromScience
JasonFRowe,KeplerGO
sickleaf3,montypython
deinpikachu,JohnnyBravo88
pixiekat666,OregonJOBS2
science_lan,ahmedjr
eteq,jradavenport
betswaliszewski,OssAnna16
betswaliszewski,HelloMelanieC
betswaliszewski,pycon
brexology_uk,JamesMelville
MetalMikey666,montypython
DKongsuntia,ahmedjr
tkf,ceptree
Tomles,edublake
casio_juarez,bobpoekert
henrikabel,TalkPython
EdwardPacey,JamesMelville
rpringle,SeattleOpenData
nfz6,python
tubanator11,scottderrickson
hk_chiu,Ronald
csegura,PythonHub
yvanscher,nikloynes
yvanscher,KatiePaddockPhD
DKongsuntia,kdnuggets
Ardu_Mike,ProgramoErgoSum
K0YCHEV,K0YCHEV
DOtuosorochi,realDonaldTrump
DOtuosorochi,LouDobbs
sushio1231,montypython
thefirstcondor,dherman001
thefirstcondor,policescotland
SusieO,BrendenJoseph11
miklevin,chrisheithoff
miklevin,raymondh
miklevin,raymondh
DKongsuntia,KirkDBorne
DKongsuntia,DataScienceCtrl
eloipuertas,pybcn
gwillem,SimoneZuurveld
samboxall1,15Froger15
DKongsuntia,KirkDBorne
ureallygotmenow,JUDAOcombr
ureallygotmenow,NetflixBrasil
python_le,kdnuggets
mathildvr,PhotosHistos
TheBestJohn2,TalkPython
Moonspinner55,Moonspinner55
alevergara78,KirkDBorne
097s,python
jdeevee17,KathyAnn176
jdeevee17,VisitScotland
jdeevee17,ChristieRoad
K0YCHEV,K0YCHEV
_P9,python
BanjoHfuhruhur,BlackSheepBeer
BanjoHfuhruhur,EricIdle
NingaGinja,OregonJOBS2
gergoszerovay,koehrsen
neooptic,QuoraScribes
